[
  {
    "code": "DECTRACERY",
    "title": "Legendary Items Display Bug and Correction Steps",
    "url": "https://www.lotro.com/news/lotro-li-issue-correction-en"
  },
  {
    "code": "ANDIRUN",
    "title": "Sales: December 4th - 11th",
    "url": "https://www.lotro.com/news/lotro-sales-120425-en"
  },
  {
    "code": "GIFTOFGOLD",
    "title": "Sales: December 11th - 18th",
    "url": "https://www.lotro.com/news/lotro-sales-121125-en"
  },
  {
    "code": "WINTERSURPRISE",
    "title": "Sales: December 18th - 25th",
    "url": "https://www.lotro.com/news/lotro-sales-121825-en"
  }
]